Transaction ID,Regions,Gender,Language,Status
84596094,Mumbai,Female,Hindi,Professional
84596095,Chennai,Male,English,Professional
84596096,Delhi,Male,Hindi,Professional
84596097,Delhi,Female,Hindi,Professional
84596098,Delhi,Female,English,Student
84596099,Delhi,Female,Hindi,Student
84596100,Delhi,Female,Hindi,Student
84596101,Mumbai,Female,Hindi,Professional
84596102,Kolkata,Male,English,Professional
84596103,Chennai,Male,Hindi,Student
84596104,Delhi,Male,Hindi,Professional
84596105,Delhi,Male,Hindi,Student
84596106,Kolkata,Male,Hindi,Professional
84596107,Delhi,Male,Hindi,Student
84596108,Delhi,Female,Hindi,Professional
84596109,Mumbai,Male,Hindi,Professional
84596110,Delhi,Male,English,Professional
84596111,Delhi,Male,Hindi,Student
84596112,Delhi,Female,Hindi,Student
84596113,Delhi,Female,Hindi,Professional
84596114,Kolkata,Male,Hindi,Student
84596115,Delhi,Female,Hindi,Student
84596116,Mumbai,Male,Hindi,Professional
84596117,Delhi,Male,Hindi,Professional
84596118,Delhi,Male,Hindi,Student
84596119,Kolkata,Male,Hindi,Student
84596120,Delhi,Female,Hindi,Professional
84596121,Delhi,Female,Hindi,Professional
84596122,Mumbai,Female,Hindi,Professional
84596123,Delhi,Female,English,Professional
84596124,Delhi,Female,Hindi,Professional
84596125,Delhi,Male,Hindi,Student
84596126,Delhi,Female,Hindi,Student
84596127,Chennai,Female,Hindi,Professional
84596128,Delhi,Female,English,Professional
84596129,Mumbai,Male,Hindi,Professional
84596130,Delhi,Female,Hindi,Professional
84596131,Kolkata,Male,English,Student
84596132,Delhi,Female,Hindi,Professional
84596133,Delhi,Female,Hindi,Student
84596134,Mumbai,Female,Hindi,Student
84596135,Delhi,Female,Hindi,Student
84596136,Delhi,Female,Hindi,Professional
84596137,Chennai,Female,Hindi,Student
84596138,Delhi,Female,Hindi,Professional
84596139,Delhi,Female,Hindi,Student
84596140,Delhi,Female,Hindi,Student
84596141,Mumbai,Female,Hindi,Student
84596142,Delhi,Female,Hindi,Professional
84596143,Delhi,Female,English,Professional
84596144,Delhi,Female,Hindi,Professional
84596145,Mumbai,Female,Hindi,Professional
84596146,Delhi,Female,Hindi,Professional
84596147,Delhi,Male,English,Student
84596148,Chennai,Female,Hindi,Student
84596149,Mumbai,Female,English,Student
84596150,Delhi,Female,Hindi,Student
84596151,Delhi,Female,Hindi,Student
84596152,Mumbai,Female,Hindi,Student
84596153,Mumbai,Female,English,Student
84596154,Kolkata,Male,Hindi,Student
84596155,Delhi,Female,Hindi,Student
84596156,Delhi,Female,Hindi,Student
84596157,Mumbai,Male,Hindi,Professional
84596158,Delhi,Male,Hindi,Student
84596159,Delhi,Male,English,Professional
84596160,Chennai,Female,Hindi,Professional
84596161,Delhi,Female,Hindi,Student
84596162,Kolkata,Female,Hindi,Professional
84596163,Delhi,Female,Hindi,Student
84596164,Delhi,Male,Hindi,Student
84596165,Delhi,Female,Hindi,Student
84596166,Delhi,Female,Hindi,Student
84596167,Delhi,Female,Hindi,Professional
84596168,Delhi,Female,Hindi,Professional
84596169,Kolkata,Female,Hindi,Professional
84596170,Delhi,Female,Hindi,Student
84596171,Delhi,Female,Hindi,Professional
84596172,Mumbai,Female,Hindi,Student
84596173,Delhi,Male,Hindi,Professional
84596174,Mumbai,Female,Hindi,Professional
84596175,Delhi,Male,Hindi,Student
84596176,Mumbai,Female,Hindi,Student
84596177,Delhi,Female,Hindi,Student
84596178,Delhi,Female,Hindi,Professional
84596179,Kolkata,Female,Hindi,Student
84596180,Delhi,Female,Hindi,Professional
84596181,Mumbai,Female,English,Professional
84596182,Chennai,Male,Hindi,Student
84596183,Delhi,Female,English,Student
84596184,Delhi,Male,Hindi,Professional
84596185,Delhi,Female,Hindi,Professional
84596186,Mumbai,Female,Hindi,Professional
84596187,Delhi,Female,English,Student
84596188,Kolkata,Female,Hindi,Student
84596189,Kolkata,Female,Hindi,Student
84596190,Delhi,Female,English,Student
84596191,Delhi,Female,Hindi,Student
84596192,Delhi,Male,English,Student
84596193,Delhi,Female,Hindi,Professional
84596194,Kolkata,Female,Hindi,Student
84596195,Delhi,Male,Hindi,Professional
84596196,Kolkata,Female,Hindi,Student
84596197,Delhi,Male,Hindi,Student
84596198,Delhi,Female,Hindi,Student
84596199,Mumbai,Male,Hindi,Professional
84596200,Chennai,Female,Hindi,Student
84596201,Delhi,Male,Hindi,Professional
84596202,Kolkata,Female,Hindi,Student
84596203,Delhi,Female,Hindi,Professional
84596204,Kolkata,Male,Hindi,Professional
84596205,Delhi,Female,Hindi,Student
84596206,Delhi,Male,Hindi,Student
84596207,Mumbai,Female,Hindi,Professional
84596208,Kolkata,Female,Hindi,Professional
84596209,Chennai,Male,English,Professional
84596210,Delhi,Female,Hindi,Professional
84596211,Chennai,Female,English,Student
84596212,Delhi,Female,Hindi,Student
84596213,Delhi,Female,Hindi,Professional
84596214,Chennai,Female,Hindi,Student
84596215,Delhi,Male,English,Student
84596216,Delhi,Female,Hindi,Professional
84596217,Mumbai,Female,Hindi,Professional
84596218,Delhi,Female,Hindi,Professional
84596219,Delhi,Male,Hindi,Student
84596220,Kolkata,Female,English,Student
84596221,Delhi,Female,Hindi,Professional
84596222,Mumbai,Female,English,Professional
84596223,Delhi,Male,Hindi,Student
84596224,Delhi,Female,English,Professional
84596225,Delhi,Male,Hindi,Professional
84596226,Mumbai,Female,Hindi,Professional
84596227,Chennai,Male,Hindi,Professional
84596228,Delhi,Female,English,Student
84596229,Mumbai,Female,Hindi,Professional
84596230,Delhi,Female,Hindi,Professional
84596231,Delhi,Male,English,Student
84596232,Delhi,Female,Hindi,Student
84596233,Kolkata,Male,Hindi,Student
84596234,Delhi,Female,Hindi,Professional
84596235,Chennai,Female,Hindi,Professional
84596236,Delhi,Female,Hindi,Student
84596237,Delhi,Female,Hindi,Professional
84596238,Delhi,Male,Hindi,Student
84596239,Delhi,Female,English,Professional
84596240,Mumbai,Female,Hindi,Student
84596241,Delhi,Female,Hindi,Professional
84596242,Delhi,Female,English,Student
84596243,Delhi,Female,Hindi,Professional
84596244,Mumbai,Male,Hindi,Professional
84596245,Delhi,Female,Hindi,Professional
84596246,Delhi,Female,English,Professional
84596247,Delhi,Female,Hindi,Student
84596248,Kolkata,Female,Hindi,Professional
84596249,Delhi,Female,Hindi,Student
84596250,Chennai,Female,Hindi,Professional
84596251,Delhi,Female,Hindi,Student
84596252,Kolkata,Female,Hindi,Professional
84596253,Delhi,Female,Hindi,Student
84596254,Chennai,Female,Hindi,Student
84596255,Delhi,Female,Hindi,Student
84596256,Mumbai,Female,English,Professional
84596257,Delhi,Female,Hindi,Professional
84596258,Chennai,Female,Hindi,Professional
84596259,Delhi,Male,Hindi,Student
84596260,Delhi,Female,Hindi,Professional
84596261,Delhi,Female,Hindi,Student
84596262,Delhi,Female,Hindi,Student
84596263,Delhi,Female,Hindi,Professional
84596264,Delhi,Female,Hindi,Professional